{"_wandb":{"runtime":1719},"Score":42,"Record":46,"_timestamp":1.7382791235550652e+09,"_runtime":1718.324937532,"_step":220}