{"_runtime":555.68948316,"_step":113,"Score":0,"_wandb":{"runtime":558},"Record":7,"_timestamp":1.7382773969327598e+09}