{"_runtime":2209.367372043,"_step":290,"_wandb":{"runtime":2209},"score":30,"record":59,"_timestamp":1.738258617711481e+09}